model,mean,std
gpt-3.5-turbo-1106,430.4,220.67088616308223
lc-percentile,286.1,151.66308054368406
lc-standard_deviation,286.1,151.66308054368406
lc-interquartile,286.1,151.66308054368406
gpt-4-0613,302.7,96.72543615823088
